Date,Artists,Day,Showtime,Genre,Returning Act
10/16/15,Band475,Fri,8:00:00 PM,Metal,
10/18/15,Band43,Sun,8:00:00 PM,Americana,
10/20/15,Band101,Tue,8:00:00 PM,Indie,
10/21/15,Band339,Wed,8:00:00 PM,Electronic,
10/22/15,Band336,Thu,9:00:00 PM,Americana,
10/23/15,Band130,Fri,8:00:00 PM,Americana,x
10/27/15,Band257,Tue,8:00:00 PM,Americana,x
11/12/15,Band452,Thu,8:00:00 PM,Americana,
11/17/15,Band28,Tue,7:00:00 PM,Punk,
11/20/15,Band195,Fri,9:00:00 PM,Indie,
11/21/15,Band116,Sat,2:00:00 PM,Roots/Rock,
11/21/15,Band143,Sat,2:00:00 PM,Roots/Rock,
12/2/15,Band411,Wed,8:00:00 PM,indie,
12/12/15,Band168,Sat,7:30:00 PM,Metal,
12/18/15,Band22,Fri,8:00:00 PM,Americana,
1/8/16,Band404,Fri,9:00:00 PM,punk,
1/20/16,Band258,Wed,7:00:00 PM,Americana,
1/21/16,Band472,Thu,9:00:00 PM,Roots/Rock,x
1/31/16,Band24,Sun,2:15:00 PM,Americana,
2/2/16,Band7,Tue,8:00:00 PM,Americana,
2/11/16,Band57,Thu,8:00:00 PM,hip hop,
2/18/16,Band263,Thu,9:00:00 PM,Comedy,
2/19/16,Band284,Fri,8:00:00 PM,indie,
2/24/16,Band159,Wed,8:00:00 PM,Folk,
2/25/16,Band440,Thu,8:00:00 PM,Folk,
2/28/16,Band306,Sun,8:00:00 PM,roots/rock,x
3/8/16,Band107,Tue,8:00:00 PM,Indie,
3/9/16,Band290,Wed,8:00:00 PM,Americana,
3/10/16,Band418,Thu,7:30:00 PM,Folk,x
3/11/16,Band321,Fri,9:00:00 PM,Electronic,
3/17/16,Band146,Thu,9:00:00 PM,Roots/Rock,
3/18/16,Band124,Fri,8:00:00 PM,Folk,
3/24/16,Band32,Thu,9:00:00 PM,Electronic,
3/27/16,Band137,Sun,6:00:00 PM,Punk,
3/27/16,Band425,Sun,6:00:00 PM,Punk,
3/28/16,Band68,Mon,8:00:00 PM,Comedy,
3/31/16,Band55,Thu,8:00:00 PM,Electronic,
3/31/16,Band73,Thu,8:00:00 PM,Electronic,
4/2/16,Band115,Sat,9:00:00 PM,Americana,x
4/3/16,Band454,Sun,8:00:00 PM,Indie,x
4/7/16,Band172,Thu,9:00:00 PM,Roots/Rock,
4/10/16,Band102,Sun,1:00:00 PM,Folk,
4/11/16,Band128,Mon,8:00:00 PM,World,
4/12/16,Band183,Tue,8:00:00 PM,Punk,
4/12/16,Band430,Tue,8:00:00 PM,Punk,
4/13/16,Band100,Wed,8:00:00 PM,Americana,
4/13/16,Band103,Wed,8:00:00 PM,Americana,
4/17/16,Band71,Sun,8:00:00 PM,Roots/Rock,
4/18/16,Band234,Mon,8:00:00 PM,Americana,
4/22/16,Band438,Fri,9:00:00 PM,Indie,
4/24/16,Band165,Sun,8:00:00 PM,Roots/Rock,
5/3/16,Band465,Tue,9:00:00 PM,Indie,
5/4/16,Band356,Wed,8:00:00 PM,Roots/Rock,
5/8/16,Band91,Sun,8:00:00 PM,Roots/Rock,x
5/10/16,Band444,Tue,7:00:00 PM,Movies & Podcasts,
5/12/16,Band52,Thu,8:00:00 PM,Indie,
5/13/16,Band257,Fri,9:00:00 PM,Americana,x
5/15/16,Band9,Sun,8:00:00 PM,Indie,
5/25/16,Band175,Wed,8:00:00 PM,Americana,
5/26/16,Band173,Thu,9:00:00 PM,hip hop,
5/27/16,Band232,Fri,8:00:00 PM,Americana,
5/29/16,Band287,Sun,8:00:00 PM,Roots/Rock,
6/1/16,Band181,Wed,8:00:00 PM,Roots/Rock,
6/2/16,Band270,Thu,9:00:00 PM,Roots/Rock,
6/3/16,Band324,Fri,9:00:00 PM,Roots/Rock,
6/4/16,Band221,Sat,9:00:00 PM,Americana,
6/8/16,Band109,Wed,8:00:00 PM,americana,
6/10/16,Band208,Fri,8:00:00 PM,indie,
6/11/16,Band224,Sat,8:00:00 PM,Punk,x
6/12/16,Band313,Sun,7:30:00 PM,Punk,
6/12/16,Band401,Sun,7:30:00 PM,Punk,
6/15/16,Band141,Wed,7:00:00 PM,Americana,
6/16/16,Band341,Thu,8:00:00 PM,Americana,x
6/17/16,Band239,Fri,9:00:00 PM,World,
6/19/16,Band196,Sun,8:00:00 PM,Americana,
6/25/16,Band110,Sat,9:00:00 PM,Roots/Rock,
7/1/16,Band238,Fri,9:00:00 PM,Americana,x
7/5/16,Band293,Tue,7:30:00 PM,Metal,x 
7/12/16,Band98,Tue,8:00:00 PM,Americana,
7/17/16,Band319,Sun,8:00:00 PM,Americana,
7/18/16,Band253,Mon,8:00:00 PM,Roots/Rock,
7/22/16,Band199,Fri,8:00:00 PM,Americana,
7/26/16,Band30,Tue,8:00:00 PM,Comedy,
8/5/16,Band171,Fri,9:00:00 PM,Roots/Rock,
8/11/16,Band82,Thu,8:00:00 PM,Indie,
8/12/16,Band211,Fri,9:00:00 PM,Roots/Rock,
8/19/16,Band472,Fri,9:00:00 PM,Roots/Rock,x
8/24/16,Band2,Wed,8:00:00 PM,Movies & Podcasts,
8/25/16,Band190,Thu,8:00:00 PM,Roots/Rock,x
8/27/16,Band90,Sat,8:00:00 PM,Americana,
8/28/16,Band161,Sun,8:00:00 PM,Folk,
9/7/16,Band352,Wed,8:00:00 PM,Americana,
9/8/16,Band386,Thu,8:00:00 PM,R&B/Soul,
9/15/16,Band468,Thu,9:00:00 PM,Metal,
9/16/16,Band236,Fri,8:00:00 PM,Americana,
9/18/16,Band12,Sun,1:00:00 PM,Folk,
9/19/16,Band86,Mon,8:00:00 PM,Roots/Rock,
10/2/16,Band345,Sun,1:00:00 PM,Metal,x
10/5/16,Band147,Wed,8:00:00 PM,Roots/Rock,x
10/6/16,Band58,Thu,8:00:00 PM,Indie,x
10/7/16,Band358,Fri,9:00:00 PM,Roots/Rock,
10/21/16,Band218,Fri,9:00:00 PM,R&B/Soul,
10/22/16,Band448,Sat,9:00:00 PM,Roots/Rock,x
10/28/16,Band113,Fri,8:00:00 PM,Folk,
10/29/16,Band415,Sat,9:00:00 PM,Roots/Rock,
11/3/16,Band322,Thu,8:00:00 PM,Americana,x
11/5/16,Band445,Sat,9:00:00 PM,Punk,
11/13/16,Band5,Sun,8:00:00 PM,Folk,
11/16/16,Band274,Wed,8:00:00 PM,Indie,
11/17/16,Band167,Thu,8:00:00 PM,Metal,
11/20/16,Band213,Sun,8:00:00 PM,Roots/Rock,
12/3/16,Band201,Sat,12:00:00 PM,Folk,
12/4/16,Band367,Sun,8:00:00 PM,Punk,
12/8/16,Band203,Thu,9:00:00 PM,Indie,
12/9/16,Band423,Fri,9:00:00 PM,Americana,
12/10/16,Band93,Sat,7:30:00 PM,Metal,x
12/17/16,Band431,Sat,8:30:00 PM,Roots/Rock,x
12/26/16,Band229,Mon,9:00:00 PM,Indie,
1/18/17,Band125,Wed,8:00:00 PM,Roots/Rock,
1/19/17,Band307,Thu,8:00:00 PM,Folk,
1/24/17,Band112,Tue,8:00:00 PM,Roots/Rock,
1/27/17,Band87,Fri,9:00:00 PM,Electronic,x
1/29/17,Band35,Sun,8:00:00 PM,Electronic,
2/3/17,Band306,Fri,8:00:00 PM,roots/rock,x
2/9/17,Band120,Thu,7:45:00 PM,Roots/Rock,
2/16/17,Band381,Thu,9:00:00 PM,hip hop,x
2/17/17,Band381,Fri,9:00:00 PM,hip hop,x
2/19/17,Band279,Sun,8:00:00 PM,Comedy,
2/22/17,Band225,Wed,8:00:00 PM,Punk,
2/23/17,Band342,Thu,8:00:00 PM,Americana,
3/5/17,Band206,Sun,7:00:00 PM,Americana,
3/8/17,Band46,Wed,8:00:00 PM,Indie,
3/10/17,Band400,Fri,8:00:00 PM,Punk,
3/12/17,Band223,Sun,8:00:00 PM,Indie,
3/15/17,Band351,Wed,8:00:00 PM,Americana,
3/18/17,Band282,Sat,8:00:00 PM,Punk,
3/23/17,Band227,Thu,8:00:00 PM,Americana,
3/25/17,Band53,Sat,9:00:00 PM,hip hop,
3/26/17,Band242,Sun,8:00:00 PM,Americana,
3/30/17,Band240,Thu,9:00:00 PM,World,
4/6/17,Band114,Thu,8:00:00 PM,Roots/Rock,
4/10/17,Band370,Mon,8:00:00 PM,Indie,x
4/19/17,Band226,Wed,8:00:00 PM,Indie,
4/19/17,Band464,Wed,8:00:00 PM,Indie,
4/20/17,Band92,Thu,8:00:00 PM,Americana,x
4/20/17,Band346,Thu,8:00:00 PM,Americana,x
4/27/17,Band369,Thu,8:00:00 PM,Roots/Rock,
4/30/17,Band130,Sun,8:00:00 PM,Americana,x
5/4/17,Band276,Thu,9:00:00 PM,Metal,x
5/9/17,Band323,Tue,8:00:00 PM,Roots/Rock,x
5/10/17,Band185,Wed,8:00:00 PM,Roots/Rock,
5/11/17,Band256,Thu,9:00:00 PM,World,
5/12/17,Band389,Fri,8:00:00 PM,Roots/Rock,x
5/13/17,Band429,Sat,9:00:00 PM,Indie,
5/14/17,Band311,Sun,8:00:00 PM,Indie,
5/22/17,Band41,Mon,8:00:00 PM,Metal,
5/26/17,Band472,Fri,9:00:00 PM,Roots/Rock,x
5/28/17,Band38,Sun,8:00:00 PM,Folk,
5/30/17,Band45,Tue,8:00:00 PM,Americana,
5/31/17,Band410,Wed,8:00:00 PM,Indie,
6/3/17,Band403,Sat,9:00:00 PM,Folk,
6/12/17,Band190,Mon,7:30:00 PM,Roots/Rock,x
6/14/17,Band189,Wed,8:00:00 PM,World,
6/15/17,Band318,Thu,8:00:00 PM,Americana,
6/16/17,Band142,Fri,9:00:00 PM,Indie,
6/20/17,Band205,Tue,8:00:00 PM,Folk,
6/22/17,Band37,Thu,8:00:00 PM,Roots/Rock,
6/30/17,Band63,Fri,9:00:00 PM,Indie,
7/5/17,Band164,Wed,7:30:00 PM,Punk,
7/7/17,Band392,Fri,9:00:00 PM,hip hop,x
7/14/17,Band136,Fri,9:00:00 PM,Americana,
7/15/17,Band94,Sat,9:00:00 PM,Roots/Rock,
7/23/17,Band422,Sun,8:00:00 PM,Americana,x
7/29/17,Band126,Sat,8:00:00 PM,R&B/Soul,x
7/30/17,Band148,Sun,8:00:00 PM,Roots/Rock,x
8/2/17,Band310,Wed,7:30:00 PM,Metal,
8/11/17,Band407,Fri,9:00:00 PM,Indie,
8/12/17,Band182,Sat,9:00:00 PM,Comedy,
8/13/17,Band233,Sun,8:00:00 PM,Americana,
8/17/17,Band19,Thu,8:00:00 PM,Americana,
8/19/17,Band207,Sat,8:00:00 PM,Comedy,
8/20/17,Band187,Sun,8:00:00 PM,Americana,
8/24/17,Band406,Thu,9:00:00 PM,hip hop,
8/25/17,Band312,Fri,9:00:00 PM,R&B/Soul,x
8/26/17,Band246,Sat,8:00:00 PM,Americana,
9/1/17,Band91,Fri,9:00:00 PM,Roots/Rock,x
9/5/17,Band160,Tue,7:30:00 PM,Metal,
9/6/17,Band149,Wed,8:00:00 PM,Punk,
9/8/17,Band275,Fri,9:00:00 PM,americana,
9/11/17,Band99,Mon,6:25:00 PM,Metal,x
9/12/17,Band50,Tue,8:00:00 PM,Indie,
9/13/17,Band467,Wed,8:00:00 PM,Roots/Rock,
9/14/17,Band296,Thu,7:00:00 PM,Metal,
9/18/17,Band27,Mon,8:00:00 PM,Americana,
9/23/17,Band51,Sat,9:00:00 PM,Americana,
9/24/17,Band140,Sun,8:00:00 PM,Indie,x
9/26/17,Band441,Tue,7:30:00 PM,Punk,
9/27/17,Band75,Wed,7:30:00 PM,Americana,x
9/28/17,Band210,Thu,7:30:00 PM,indie,
9/29/17,Band451,Fri,8:00:00 PM,Punk,
10/1/17,Band93,Sun,8:00:00 PM,Metal,x
10/3/17,Band88,Tue,8:00:00 PM,Electronic,x
10/3/17,Band292,Tue,8:00:00 PM,Electronic,
10/5/17,Band108,Thu,9:00:00 PM,Americana,
10/6/17,Band33,Fri,9:00:00 PM,Roots/Rock,
10/7/17,Band412,Sat,9:00:00 PM,Americana,
10/8/17,Band67,Sun,8:00:00 PM,Americana,
10/9/17,Band463,Mon,8:00:00 PM,Indie,
10/11/17,Band209,Wed,8:00:00 PM,hip hop,
10/12/17,Band344,Thu,10:00:00 PM,hip hop,
10/13/17,Band157,Fri,9:00:00 PM,indie,
10/17/17,Band15,Tue,8:00:00 PM,indie,
10/19/17,Band96,Thu,8:00:00 PM,R&B/Soul,
10/20/17,Band11,Fri,8:00:00 PM,Folk,
10/21/17,Band228,Sat,9:00:00 PM,hip hop,
10/22/17,Band39,Sun,8:00:00 PM,Indie,
10/24/17,Band436,Tue,8:30:00 PM,Indie,
10/26/17,Band323,Thu,9:00:00 PM,Roots/Rock,x
10/28/17,Band366,Sat,9:00:00 PM,Roots/Rock,x
10/29/17,Band300,Sun,7:00:00 PM,Metal,
11/1/17,Band180,Wed,6:30:00 PM,Comedy,
11/1/17,Band194,Wed,6:30:00 PM,,
11/2/17,Band350,Thu,8:00:00 PM,Roots/Rock,
11/3/17,Band58,Fri,8:00:00 PM,Indie,x
11/4/17,Band64,Sat,9:00:00 PM,Metal,
11/5/17,Band362,Sun,8:00:00 PM,hip hop,
11/7/17,Band427,Tue,8:00:00 PM,Americana,x
11/9/17,Band10,Thu,8:00:00 PM,Punk,x
11/10/17,Band36,Fri,9:00:00 PM,hip hop,
11/11/17,Band265,Sat,9:00:00 PM,Electronic,
11/12/17,Band245,Sun,8:00:00 PM,Americana,x
11/12/17,Band245,Sun,8:00:00 PM,Americana,x
11/13/17,Band119,Mon,8:00:00 PM,hip hop,x
11/17/17,Band215,Fri,9:00:00 PM,R&B/Soul,
11/18/17,Band66,Sat,9:00:00 PM,Indie,
11/19/17,Band393,Sun,8:00:00 PM,indie,
11/30/17,Band397,Thu,8:30:00 PM,Indie,
12/2/17,Band317,Sat,8:30:00 PM,hip hop,
12/3/17,Band83,Sun,8:00:00 PM,Electronic,
12/6/17,Band320,Wed,8:00:00 PM,Americana,
12/13/17,Band89,Wed,7:30:00 PM,Punk,
12/22/17,Band392,Fri,9:00:00 PM,hip hop,x
12/23/17,Band431,Sat,8:30:00 PM,Roots/Rock,x
1/5/18,Band231,Fri,9:00:00 PM,Americana,
1/12/18,Band266,Fri,9:00:00 PM,hip hop,
1/19/18,Band422,Fri,9:00:00 PM,Americana,x
1/20/18,Band222,Sat,8:00:00 PM,World,x
1/24/18,Band131,Wed,8:00:00 PM,hip hop,
2/9/18,Band200,Fri,9:00:00 PM,Electronic,
2/11/18,Band343,Sun,8:00:00 PM,Indie,
2/15/18,Band42,Thu,8:00:00 PM,World,
2/16/18,Band152,Fri,7:30:00 PM,Indie,
2/16/18,Band212,Fri,7:30:00 PM,,x
2/22/18,Band115,Thu,8:00:00 PM,Americana,x
2/26/18,Band34,Mon,8:00:00 PM,Americana,
2/28/18,Band92,Wed,8:00:00 PM,Americana,x
3/2/18,Band123,Fri,9:00:00 PM,Americana,
3/3/18,Band78,Sat,8:00:00 PM,Indie,
3/7/18,Band428,Wed,8:00:00 PM,Indie,
3/9/18,Band6,Fri,8:00:00 PM,Indie,
3/9/18,Band286,Fri,8:00:00 PM,Indie,
3/10/18,Band366,Sat,9:00:00 PM,Roots/Rock,x
3/15/18,Band249,Thu,9:00:00 PM,Metal,
3/16/18,Band322,Fri,8:00:00 PM,Americana,x
3/18/18,Band466,Sun,8:00:00 PM,Americana,
3/20/18,Band315,Tue,8:00:00 PM,indie,
3/21/18,Band170,Wed,8:00:00 PM,indie,
3/22/18,Band184,Thu,8:00:00 PM,Indie,
3/23/18,Band148,Fri,9:00:00 PM,Roots/Rock,x
3/24/18,Band449,Sat,7:30:00 PM,indie,
3/24/18,Band450,Sat,7:30:00 PM,indie,x
4/2/18,Band447,Mon,8:00:00 PM,indie,
4/3/18,Band188,Tue,8:00:00 PM,indie,
4/5/18,Band383,Thu,8:00:00 PM,hip hop,
4/7/18,Band80,Sat,9:00:00 PM,Americana,x
4/9/18,Band8,Mon,8:00:00 PM,hip hop,
4/11/18,Band178,Wed,8:00:00 PM,indie,
4/11/18,Band456,Wed,8:00:00 PM,Indie,
4/12/18,Band427,Thu,8:00:00 PM,Americana,x
4/17/18,Band454,Tue,8:00:00 PM,indie,x
4/18/18,Band413,Wed,8:00:00 PM,hip hop,
4/19/18,Band155,Thu,9:00:00 PM,Roots/Rock,
4/21/18,Band379,Sat,9:00:00 PM,indie,
4/22/18,Band399,Sun,8:00:00 PM,Americana,
4/26/18,Band380,Thu,8:00:00 PM,Americana,
4/27/18,Band359,Fri,8:00:00 PM,Folk,
4/28/18,Band74,Sat,8:00:00 PM,hip hop,
4/29/18,Band4,Sun,8:00:00 PM,Roots/Rock,
5/1/18,Band250,Tue,8:00:00 PM,Electronic,
5/1/18,Band348,Tue,8:00:00 PM,Electronic,
5/5/18,Band18,Sat,8:00:00 PM,Indie,
5/7/18,Band174,Mon,8:00:00 PM,indie,
5/9/18,Band439,Wed,8:00:00 PM,Indie,
5/11/18,Band267,Fri,9:00:00 PM,Comedy,
5/13/18,Band214,Sun,7:30:00 PM,indie,
5/15/18,Band217,Tue,8:30:00 PM,Electronic,
5/20/18,Band162,Sun,7:30:00 PM,Metal,
5/24/18,Band341,Thu,8:00:00 PM,Americana,x
5/25/18,Band353,Fri,9:00:00 PM,Americana,
6/3/18,Band314,Sun,8:00:00 PM,Roots/Rock,
6/7/18,Band118,Thu,9:00:00 PM,Roots/Rock,
6/8/18,Band48,Fri,9:00:00 PM,Roots/Rock,
6/15/18,Band443,Fri,8:00:00 PM,indie,
6/17/18,Band169,Sun,8:00:00 PM,indie,
6/19/18,Band87,Tue,8:00:00 PM,Electronic,x
6/23/18,Band426,Sat,8:00:00 PM,hip hop,
6/27/18,Band49,Wed,8:00:00 PM,Roots/Rock,
6/29/18,Band281,Fri,9:00:00 PM,Indie,
7/8/18,Band60,Sun,8:00:00 PM,Americana,
7/11/18,Band111,Wed,9:00:00 PM,Electronic,
7/15/18,Band340,Sun,8:00:00 PM,Americana,x
7/17/18,Band402,Tue,8:00:00 PM,indie,
7/20/18,Band81,Fri,9:00:00 PM,hip hop,x
7/22/18,Band418,Sun,8:00:00 PM,Folk,x
7/24/18,Band129,Tue,8:00:00 PM,Roots/Rock,
7/27/18,Band288,Fri,9:00:00 PM,Americana,
7/28/18,Band387,Sat,8:00:00 PM,Metal,
7/29/18,Band421,Sun,7:30:00 PM,Roots/Rock,
7/31/18,Band166,Tue,8:00:00 PM,Indie,
8/3/18,Band448,Fri,9:00:00 PM,Roots/Rock,x
8/19/18,Band373,Sun,8:00:00 PM,Americana,
8/23/18,Band132,Thu,8:00:00 PM,folk,
8/24/18,Band422,Fri,8:00:00 PM,Americana,x
8/25/18,Band365,Sat,12:25:00 PM,Punk,
8/26/18,Band122,Sun,8:00:00 PM,Americana,
8/27/18,Band273,Mon,8:00:00 PM,Americana,
8/29/18,Band198,Wed,8:00:00 PM,comedy,
8/31/18,Band420,Fri,9:00:00 PM,Americana,
9/2/18,Band260,Sun,8:00:00 PM,Comedy,
9/3/18,Band396,Mon,8:00:00 PM,Punk,
9/6/18,Band460,Thu,9:00:00 PM,hip hop,
9/7/18,Band138,Fri,8:00:00 PM,indie,
9/9/18,Band254,Sun,8:00:00 PM,hip hop,
9/19/18,Band322,Wed,8:00:00 PM,Americana,x
9/20/18,Band298,Thu,8:00:00 PM,Americana,
9/21/18,Band303,Fri,7:00:00 PM,Roots/Rock,
9/22/18,Band62,Sat,8:00:00 PM,Americana,
9/26/18,Band29,Wed,8:00:00 PM,Metal,
9/28/18,Band347,Fri,8:30:00 PM,indie,
9/30/18,Band293,Sun,7:30:00 PM,Metal,x 
10/3/18,Band193,Wed,8:00:00 PM,Roots/Rock,
10/6/18,Band431,Sat,8:30:00 PM,Roots/Rock,x
10/10/18,Band99,Wed,6:00:00 PM,Metal,x
10/11/18,Band277,Thu,9:00:00 PM,Roots/Rock,
10/12/18,Band283,Fri,9:00:00 PM,World,
10/14/18,Band264,Sun,8:00:00 PM,Indie,
10/17/18,Band85,Wed,8:00:00 PM,Electronic,
10/19/18,Band446,Fri,8:00:00 PM,Roots/Rock,
10/20/18,Band126,Sat,8:00:00 PM,R&B/Soul,x
10/23/18,Band433,Tue,8:00:00 PM,Roots/Rock,
10/24/18,Band23,Wed,8:00:00 PM,Americana,
10/26/18,Band75,Fri,8:00:00 PM,Americana,x
10/27/18,Band385,Sat,9:00:00 PM,Indie,x
10/27/18,Band385,Sat,9:00:00 PM,Indie,x
11/1/18,Band450,Thu,8:00:00 PM,indie,x
11/3/18,Band391,Sat,12:30:00 PM,Punk,
11/4/18,Band316,Sun,8:00:00 PM,indie,
11/6/18,Band376,Tue,8:00:00 PM,indie,x 
11/8/18,Band251,Thu,8:00:00 PM,Roots/Rock,
11/9/18,Band247,Fri,9:00:00 PM,hip hop,
11/10/18,Band197,Sat,9:00:00 PM,hip hop,x
11/14/18,Band1,Wed,8:00:00 PM,Indie,x 
11/16/18,Band474,Fri,8:00:00 PM,hip hop,
11/17/18,Band349,Sat,8:00:00 PM,Punk,
11/18/18,Band453,Sun,8:00:00 PM,indie,
11/21/18,Band248,Wed,8:00:00 PM,Indie,
11/23/18,Band294,Fri,7:00:00 PM,hip hop,
11/24/18,Band473,Sat,9:00:00 PM,hip hop,
11/30/18,Band271,Fri,9:00:00 PM,americana,
12/4/18,Band461,Tue,8:00:00 PM,indie,
12/5/18,Band140,Wed,8:00:00 PM,indie,x
12/6/18,Band76,Thu,9:00:00 PM,indie,
12/8/18,Band308,Sat,9:00:00 PM,Americana,
12/11/18,Band84,Tue,8:00:00 PM,Roots/Rock,
12/14/18,Band470,Fri,8:00:00 PM,Roots/Rock,x
12/22/18,Band13,Sat,9:00:00 PM,hip hop,
12/26/18,Band230,Wed,9:00:00 PM,hip hop,
12/28/18,Band47,Fri,9:00:00 PM,hip hop,
12/30/18,Band117,Sun,8:00:00 PM,comedy,
12/31/18,Band295,Mon,10:00:00 PM,,
1/14/19,Band204,Mon,8:00:00 PM,indie,
1/25/19,Band414,Fri,8:00:00 PM,Roots/Rock,
1/26/19,Band14,Sat,9:00:00 PM,indie,
1/27/19,Band20,Sun,8:00:00 PM,indie,
1/30/19,Band422,Wed,8:00:00 PM,Americana,x
2/1/19,Band244,Fri,8:00:00 PM,Indie,
2/6/19,Band212,Wed,8:00:00 PM,indie,x
2/8/19,Band158,Fri,9:00:00 PM,Americana,
2/15/19,Band262,Fri,10:00:00 PM,hip hop,
2/16/19,Band472,Sat,9:00:00 PM,Roots/Rock,x
2/19/19,Band106,Tue,8:00:00 PM,Indie,
2/21/19,Band222,Thu,8:00:00 PM,World,x
2/24/19,Band272,Sun,8:00:00 PM,Indie,
2/26/19,Band291,Tue,8:00:00 PM,hip hop,
2/28/19,Band346,Thu,8:00:00 PM,Americana,x
3/1/19,Band44,Fri,9:00:00 PM,Americana,
3/6/19,Band79,Wed,8:00:00 PM,Comedy,
3/8/19,Band238,Fri,8:00:00 PM,Americana,x
3/9/19,Band361,Sat,8:00:00 PM,indie,
3/10/19,Band16,Sun,8:00:00 PM,Americana,
3/15/19,Band80,Fri,9:00:00 PM,comedy,x
3/22/19,Band366,Fri,9:00:00 PM,Roots/Rock,x
3/23/19,Band190,Sat,9:00:00 PM,Roots/Rock,x
3/24/19,Band17,Sun,8:00:00 PM,Roots/Rock,
3/30/19,Band261,Sat,8:00:00 PM,World,
4/2/19,Band437,Tue,8:00:00 PM,hip hop,x
4/3/19,Band437,Wed,8:00:00 PM,hip hop,x
4/6/19,Band337,Sat,9:00:00 PM,Americana,
4/7/19,Band105,Sun,8:00:00 PM,Americana,
4/12/19,Band370,Fri,9:00:00 PM,Americana,x
4/12/19,Band371,Fri,9:00:00 PM,Americana,
4/17/19,Band419,Wed,8:00:00 PM,Americana,
4/18/19,Band390,Thu,9:00:00 PM,Americana,
4/19/19,Band297,Fri,9:00:00 PM,Metal,
4/24/19,Band462,Wed,7:00:00 PM,Indie,
4/27/19,Band197,Sat,7:00:00 PM,hip hop,x
4/30/19,Band151,Tue,8:00:00 PM,indie,
5/1/19,Band148,Wed,8:00:00 PM,Roots/Rock,x
5/2/19,Band177,Thu,8:30:00 PM,indie,
5/3/19,Band409,Fri,9:00:00 PM,Indie,
5/4/19,Band202,Sat,8:00:00 PM,Americana,
5/8/19,Band471,Wed,8:00:00 PM,Indie,
5/9/19,Band312,Thu,8:00:00 PM,R&B/Soul,x
5/11/19,Band40,Sat,9:00:00 PM,Americana,
5/14/19,Band389,Tue,8:00:00 PM,Roots/Rock,x
5/16/19,Band179,Thu,7:00:00 PM,Americana,
5/17/19,Band134,Fri,7:30:00 PM,metal,
5/19/19,Band377,Sun,8:00:00 PM,indie,
5/21/19,Band176,Tue,6:30:00 PM,Punk,
5/23/19,Band360,Thu,9:00:00 PM,hip hop,
5/24/19,Band276,Fri,9:00:00 PM,Metal,x
5/31/19,Band394,Fri,9:00:00 PM,Indie,
6/2/19,Band3,Sun,7:00:00 PM,Roots/Rock,
6/4/19,Band285,Tue,8:00:00 PM,Roots/Rock,
6/7/19,Band259,Fri,9:00:00 PM,Electronic,
6/14/19,Band395,Fri,9:00:00 PM,Electronic,
6/21/19,Band335,Fri,9:00:00 PM,hip hop,x
6/23/19,Band72,Sun,8:00:00 PM,indie,
6/27/19,Band97,Thu,8:00:00 PM,Indie,
6/30/19,Band354,Sun,8:00:00 PM,Roots/Rock,
7/12/19,Band280,Fri,9:00:00 PM,Electronic,
7/18/19,Band81,Thu,8:00:00 PM,hip hop,x
7/18/19,Band191,Thu,8:00:00 PM,hip hop,
7/19/19,Band375,Fri,8:00:00 PM,Indie,
8/16/19,Band388,Fri,9:00:00 PM,Electronic,
8/27/19,Band301,Tue,7:30:00 PM,Indie,
8/28/19,Band417,Wed,7:15:00 PM,Indie,
9/6/19,Band378,Fri,12:30:00 PM,Indie,
9/8/19,Band61,Sun,8:00:00 PM,Roots/Rock,
9/12/19,Band374,Thu,8:00:00 PM,Indie,
9/13/19,Band357,Fri,9:00:00 PM,Indie,
9/15/19,Band56,Sun,8:00:00 PM,Indie,
9/17/19,Band408,Tue,8:00:00 PM,R&B/Soul,
9/19/19,Band382,Thu,8:00:00 PM,Americana,
9/21/19,Band65,Sat,10:00:00 PM,Electronic,
9/22/19,Band432,Sun,7:30:00 PM,Indie,
9/26/19,Band340,Thu,9:00:00 PM,Americana,x
9/29/19,Band416,Sun,8:00:00 PM,Indie,
9/30/19,Band150,Mon,8:00:00 PM,Indie,
10/3/19,Band457,Thu,8:00:00 PM,Folk,
10/4/19,Band355,Fri,9:00:00 PM,Indie,
10/6/19,Band216,Sun,8:00:00 PM,Indie,
10/7/19,Band384,Mon,8:00:00 PM,Indie,
10/8/19,Band459,Tue,8:00:00 PM,Indie,
10/11/19,Band455,Fri,8:00:00 PM,Metal,
10/12/19,Band243,Sat,9:00:00 PM,R&B/Soul,
10/13/19,Band363,Sun,6:30:00 PM,Metal,
10/18/19,Band1,Fri,8:00:00 PM,Indie,x
10/25/19,Band156,Fri,9:00:00 PM,Folk,
10/26/19,Band133,Sat,9:00:00 PM,Electronic,
11/1/19,Band345,Fri,9:00:00 PM,Metal,x
11/2/19,Band376,Sat,6:00:00 PM,Indie,x
11/3/19,Band289,Sun,7:00:00 PM,Metal, 
11/8/19,Band224,Fri,8:00:00 PM,Indie,x
11/9/19,Band405,Sat,8:00:00 PM,Indie,
11/12/19,Band442,Tue,8:00:00 PM,Electronic,
11/16/19,Band77,Sat,9:00:00 PM,Indie,
11/17/19,Band469,Sun,6:30:00 PM,Indie,
11/20/19,Band144,Wed,8:00:00 PM,Indie,
11/21/19,Band364,Thu,8:00:00 PM,Folk,
11/22/19,Band88,Fri,9:00:00 PM,Electronic,x
11/23/19,Band135,Sat,9:00:00 PM,hip hop,
11/24/19,Band269,Sun,8:00:00 PM,Indie,
12/4/19,Band21,Wed,8:00:00 PM,Indie,
12/5/19,Band25,Thu,9:00:00 PM,Electronic,
12/5/19,Band309,Thu,9:00:00 PM,Electronic,
12/13/19,Band372,Fri,9:00:00 PM,r&B/Soul,
12/15/19,Band434,Sun,8:00:00 PM,Electronic,
12/20/19,Band127,Fri,9:00:00 PM,R&B/Soul,
1/8/20,Band31,Wed,8:00:00 PM,Roots/Rock,
1/11/20,Band252,Sat,9:00:00 PM,Indie,
1/16/20,Band220,Thu,9:00:00 PM,Electronic,
1/16/20,Band268,Thu,9:00:00 PM,Electronic,
1/17/20,Band70,Fri,7:30:00 PM,Roots/Rock,
1/21/20,Band54,Tue,8:00:00 PM,hip hop,
1/28/20,Band153,Tue,6:30:00 PM,Indie,
1/30/20,Band302,Thu,8:00:00 PM,Folk,
2/1/20,Band241,Sat,9:00:00 PM,Roots/Rock,
2/5/20,Band10,Wed,8:00:00 PM,Indie,x
2/7/20,Band192,Fri,8:00:00 PM,Folk,
2/8/20,Band59,Sat,9:00:00 PM,Electronic,
2/11/20,Band458,Tue,8:00:00 PM,Indie,
2/14/20,Band154,Fri,9:00:00 PM,Electronic,
2/14/20,Band368,Fri,9:00:00 PM,Electronic,
2/16/20,Band104,Sun,8:00:00 PM,Folk,
2/19/20,Band163,Wed,8:00:00 PM,Comedy,
2/20/20,Band304,Thu,8:00:00 PM,Folk,
2/21/20,Band335,Fri,8:00:00 PM,R&B/Soul,x
2/22/20,Band95,Sat,9:00:00 PM,Electronic,
2/29/20,Band299,Sat,9:00:00 PM,Metal,
3/5/20,Band139,Thu,9:00:00 PM,Electronic,
3/5/20,Band235,Thu,9:00:00 PM,Electronic,